1_GOT_RT_First_Click,1_GOT_RT_Last_Click,1_GOT_RT_Page_Submit,1_GOT_RT_Click_Count,1_GOT_Q,1_GOT_Conf_1,1_GOT_ID,1_GOT_Answer,1_loop_number,2_GOT_RT_First_Click,2_GOT_RT_Last_Click,2_GOT_RT_Page_Submit,2_GOT_RT_Click_Count,2_GOT_Q,2_GOT_Conf_1,2_GOT_ID,2_GOT_Answer,2_loop_number,3_GOT_RT_First_Click,3_GOT_RT_Last_Click,3_GOT_RT_Page_Submit,3_GOT_RT_Click_Count,3_GOT_Q,3_GOT_Conf_1,3_GOT_ID,3_GOT_Answer,3_loop_number,4_GOT_RT_First_Click,4_GOT_RT_Last_Click,4_GOT_RT_Page_Submit,4_GOT_RT_Click_Count,4_GOT_Q,4_GOT_Conf_1,4_GOT_ID,4_GOT_Answer,4_loop_number,5_GOT_RT_First_Click,5_GOT_RT_Last_Click,5_GOT_RT_Page_Submit,5_GOT_RT_Click_Count,5_GOT_Q,5_GOT_Conf_1,5_GOT_ID,5_GOT_Answer,5_loop_number,6_GOT_RT_First_Click,6_GOT_RT_Last_Click,6_GOT_RT_Page_Submit,6_GOT_RT_Click_Count,6_GOT_Q,6_GOT_Conf_1,6_GOT_ID,6_GOT_Answer,6_loop_number,7_GOT_RT_First_Click,7_GOT_RT_Last_Click,7_GOT_RT_Page_Submit,7_GOT_RT_Click_Count,7_GOT_Q,7_GOT_Conf_1,7_GOT_ID,7_GOT_Answer,7_loop_number,8_GOT_RT_First_Click,8_GOT_RT_Last_Click,8_GOT_RT_Page_Submit,8_GOT_RT_Click_Count,8_GOT_Q,8_GOT_Conf_1,8_GOT_ID,8_GOT_Answer,8_loop_number,9_GOT_RT_First_Click,9_GOT_RT_Last_Click,9_GOT_RT_Page_Submit,9_GOT_RT_Click_Count,9_GOT_Q,9_GOT_Conf_1,9_GOT_ID,9_GOT_Answer,9_loop_number,10_GOT_RT_First_Click,10_GOT_RT_Last_Click,10_GOT_RT_Page_Submit,10_GOT_RT_Click_Count,10_GOT_Q,10_GOT_Conf_1,10_GOT_ID,10_GOT_Answer,10_loop_number,GOT_Est,GOT_Place
0,0,0.222,0,1,10,GOT_01,chimpanzee,5,0,0,0.252,0,0,10,GOT_02,confectionary,2,0,0,0.17,0,0,10,GOT_03,eel,7,0,0,0.252,0,0,40,GOT_04,golden retriever,1,0,0,0.149,0,1,30,GOT_05,parking meter,8,0,0,0.166,0,0,10,GOT_06,greenhouse,9,0,0,0.132,0,1,10,GOT_07,armadillo,10,0,0,0.248,0,1,60,GOT_08,robin,3,0,0,0.248,0,0,50,GOT_09,mug,4,0,0,0.258,0,1,10,GOT_10,centipede,6,5,50
0,0,0.249,0,0,9,GOT_01,chimpanzee,2,0,0,0.249,0,0,20,GOT_02,confectionary,4,0,0,0.253,0,1,37,GOT_03,eel,7,0,0,0.255,0,1,19,GOT_04,golden retriever,9,0,0,0.256,0,1,57,GOT_05,parking meter,8,0,0,0.252,0,0,5,GOT_06,greenhouse,5,0,0,0.254,0,1,17,GOT_07,armadillo,6,0,0,0.258,0,1,49,GOT_08,robin,10,0,0,0.258,0,0,23,GOT_09,mug,1,0,0,0.26,0,0,4,GOT_10,centipede,3,2,20
0,0,0.181,0,1,50,GOT_01,chimpanzee,5,0,0,0.251,0,0,50,GOT_02,confectionary,1,0,0,0.068,0,1,50,GOT_03,eel,10,0,0,0.253,0,1,50,GOT_04,golden retriever,2,0,0,0.252,0,1,50,GOT_05,parking meter,6,0,0,0.253,0,0,50,GOT_06,greenhouse,4,0,0,0.133,0,1,50,GOT_07,armadillo,8,0,0,0.247,0,0,50,GOT_08,robin,7,0,0,0.128,0,0,50,GOT_09,mug,9,0,0,0.25,0,1,50,GOT_10,centipede,3,1,10
0,0,0.252,0,1,73,GOT_01,chimpanzee,7,0,0,0,0,1,58,GOT_02,confectionary,9,0,0,0.26,0,1,70,GOT_03,eel,2,0,0,0,0,1,37,GOT_04,golden retriever,10,0,0,0.267,0,1,50,GOT_05,parking meter,3,0,0,0.251,0,1,52,GOT_06,greenhouse,4,0,0,0.256,0,1,75,GOT_07,armadillo,6,0,0,0,0,1,45,GOT_08,robin,8,0,0,0.254,0,1,39,GOT_09,mug,1,0,0,0.245,0,1,72,GOT_10,centipede,5,4,40
0,0,0.261,0,0,9,GOT_01,chimpanzee,3,0,0,0,0,0,5,GOT_02,confectionary,7,0,0,0.258,0,1,40,GOT_03,eel,1,0,0,0.256,0,0,52,GOT_04,golden retriever,5,0,0,0,0,1,14,GOT_05,parking meter,10,0,0,0.261,0,0,47,GOT_06,greenhouse,2,0,0,0,0,0,12,GOT_07,armadillo,9,0,0,0,0,1,50,GOT_08,robin,8,0,0,0.061,0,0,19,GOT_09,mug,4,0,0,0,0,1,0,GOT_10,centipede,6,0,10
0,0,0.25,0,0,13,GOT_01,chimpanzee,8,0,0,0.252,0,1,28,GOT_02,confectionary,5,0,0,0.181,0,1,66,GOT_03,eel,2,0,0,0.252,0,1,35,GOT_04,golden retriever,3,0,0,0.25,0,0,21,GOT_05,parking meter,4,0,0,0.25,0,0,15,GOT_06,greenhouse,10,0,0,0.252,0,1,63,GOT_07,armadillo,6,0,0,0.252,0,1,80,GOT_08,robin,1,0,0,0.251,0,0,67,GOT_09,mug,7,0,0,0.252,0,1,70,GOT_10,centipede,9,5,20
0,0,0.244,0,0,4,GOT_01,chimpanzee,10,0,0,0.244,0,0,4,GOT_02,confectionary,5,0,0,0.239,0,0,4,GOT_03,eel,2,0,0,0.232,0,0,3,GOT_04,golden retriever,8,0,0,0.245,0,1,4,GOT_05,parking meter,6,0,0,0.245,0,1,2,GOT_06,greenhouse,3,0,0,0.241,0,0,4,GOT_07,armadillo,7,0,0,0.147,0,0,3,GOT_08,robin,9,0,0,0.249,0,0,5,GOT_09,mug,1,0,0,0.248,0,0,5,GOT_10,centipede,4,2,20
0,0,0.182,0,0,15,GOT_01,chimpanzee,4,0,0,0.226,0,1,7,GOT_02,confectionary,5,0,0,0.248,0,1,10,GOT_03,eel,1,0,0,0.259,0,1,30,GOT_04,golden retriever,3,0,0,0.229,0,0,39,GOT_05,parking meter,8,0,0,0.219,0,0,13,GOT_06,greenhouse,10,0,0,0.216,0,1,100,GOT_07,armadillo,6,0,0,0.04,0,1,20,GOT_08,robin,2,0,0,0.219,0,0,26,GOT_09,mug,9,0,0,0.219,0,1,19,GOT_10,centipede,7,3,40
0,0,0,0,1,17,GOT_01,chimpanzee,7,0,0,0,0,1,49,GOT_02,confectionary,10,0,0,0.249,0,1,74,GOT_03,eel,2,0,0,0.251,0,1,73,GOT_04,golden retriever,1,0,0,0,0,1,55,GOT_05,parking meter,4,0,0,0,0,0,38,GOT_06,greenhouse,8,0,0,0,0,1,17,GOT_07,armadillo,6,0,0,0,0,1,69,GOT_08,robin,9,0,0,0.249,0,0,42,GOT_09,mug,3,0,0,0.249,0,1,92,GOT_10,centipede,5,4,70
0,0,0.138,0,1,23,GOT_01,chimpanzee,8,0,0,0.16,0,1,30,GOT_02,confectionary,7,0,0,0.125,0,0,22,GOT_03,eel,9,0,0,0.15,0,1,53,GOT_04,golden retriever,10,0,0,0.163,0,1,34,GOT_05,parking meter,6,0,0,0.252,0,0,31,GOT_06,greenhouse,1,0,0,0.062,0,1,71,GOT_07,armadillo,5,0,0,0.153,0,1,46,GOT_08,robin,3,0,0,0.213,0,0,40,GOT_09,mug,4,0,0,0.248,0,0,20,GOT_10,centipede,2,3,25
0,0,0.221,0,1,3,GOT_01,chimpanzee,6,0,0,0.242,0,1,2,GOT_02,confectionary,3,0,0,0.244,0,0,2,GOT_03,eel,7,0,0,0.139,0,0,5,GOT_04,golden retriever,8,0,0,0.248,0,1,30,GOT_05,parking meter,5,0,0,0,0,0,2,GOT_06,greenhouse,10,0,0,0.245,0,0,60,GOT_07,armadillo,4,0,0,0.256,0,0,60,GOT_08,robin,2,0,0,0.12,0,0,50,GOT_09,mug,9,0,0,0.249,0,0,10,GOT_10,centipede,1,4,40
0,0,0.263,0,0,3,GOT_01,chimpanzee,2,0,0,0.081,0,1,2,GOT_02,confectionary,5,0,0,0.147,0,0,4,GOT_03,eel,9,0,0,0.257,0,0,2,GOT_04,golden retriever,1,0,0,0.071,0,1,5,GOT_05,parking meter,8,0,0,0,0,0,5,GOT_06,greenhouse,10,0,0,0.255,0,1,3,GOT_07,armadillo,4,0,0,0,0,0,4,GOT_08,robin,6,0,0,0.249,0,1,5,GOT_09,mug,3,0,0,0.104,0,1,5,GOT_10,centipede,7,2,50
0,0,0.184,0,0,52,GOT_01,chimpanzee,6,0,0,0.248,0,1,63,GOT_02,confectionary,2,0,0,0.197,0,1,68,GOT_03,eel,5,0,0,0.083,0,0,46,GOT_04,golden retriever,7,0,0,0.251,0,1,61,GOT_05,parking meter,3,0,0,0.139,0,0,53,GOT_06,greenhouse,9,0,0,0.23,0,1,50,GOT_07,armadillo,8,0,0,0.26,0,0,55,GOT_08,robin,1,0,0,0.152,0,0,70,GOT_09,mug,4,0,0,0.217,0,1,52,GOT_10,centipede,10,5,50
0,0,0.183,0,1,5,GOT_01,chimpanzee,5,0,0,0.199,0,0,14,GOT_02,confectionary,7,0,0,0.101,0,1,7,GOT_03,eel,3,0,0,0.254,0,0,21,GOT_04,golden retriever,1,0,0,0.188,0,1,36,GOT_05,parking meter,10,0,0,0.253,0,0,16,GOT_06,greenhouse,2,0,0,0.178,0,1,43,GOT_07,armadillo,6,0,0,0.193,0,0,27,GOT_08,robin,9,0,0,0.172,0,0,30,GOT_09,mug,4,0,0,0.19,0,1,12,GOT_10,centipede,8,2,10
0,0,0.244,0,0,38,GOT_01,chimpanzee,4,0,0,0.039,0,0,56,GOT_02,confectionary,5,0,0,0.02,0,0,59,GOT_03,eel,10,0,0,0.256,0,0,30,GOT_04,golden retriever,1,0,0,0.244,0,1,28,GOT_05,parking meter,6,0,0,0,0,0,52,GOT_06,greenhouse,7,0,0,0.244,0,1,76,GOT_07,armadillo,8,0,0,0.252,0,0,67,GOT_08,robin,9,0,0,0.257,0,0,54,GOT_09,mug,3,0,0,0.251,0,1,51,GOT_10,centipede,2,2,30
0,0,0.254,0,1,5,GOT_01,chimpanzee,3,0,0,0.181,0,0,6,GOT_02,confectionary,6,0,0,0,0,1,7,GOT_03,eel,5,0,0,0.189,0,0,27,GOT_04,golden retriever,7,0,0,0.264,0,0,8,GOT_05,parking meter,2,0,0,0.238,0,1,24,GOT_06,greenhouse,4,0,0,0.268,0,0,14,GOT_07,armadillo,1,0,0,0.04,0,1,4,GOT_08,robin,8,0,0,0,0,0,25,GOT_09,mug,10,0,0,0.15,0,0,5,GOT_10,centipede,9,3,50
0,0,0.252,0,0,2,GOT_01,chimpanzee,1,0,0,0.25,0,0,3,GOT_02,confectionary,8,0,0,0.25,0,0,4,GOT_03,eel,9,0,0,0.252,0,0,4,GOT_04,golden retriever,4,0,0,0.25,0,1,1,GOT_05,parking meter,6,0,0,0.25,0,1,4,GOT_06,greenhouse,7,0,0,0.246,0,1,77,GOT_07,armadillo,2,0,0,0.25,0,0,9,GOT_08,robin,5,0,0,0.251,0,0,62,GOT_09,mug,10,0,0,0.25,0,1,54,GOT_10,centipede,3,1,1
0,0,0.251,0,0,0,GOT_01,chimpanzee,7,0,0,0.198,0,0,0,GOT_02,confectionary,9,0,0,0.25,0,0,0,GOT_03,eel,6,0,0,0.252,0,0,0,GOT_04,golden retriever,4,0,0,0.249,0,1,0,GOT_05,parking meter,2,0,0,0.252,0,1,0,GOT_06,greenhouse,5,0,0,0.06,0,0,0,GOT_07,armadillo,8,0,0,0.25,0,1,0,GOT_08,robin,1,0,0,0.115,0,0,0,GOT_09,mug,10,0,0,0,0,1,0,GOT_10,centipede,3,0,0
0,0,0.267,0,1,16,GOT_01,chimpanzee,2,0,0,0.267,0,0,7,GOT_02,confectionary,9,0,0,0.248,0,1,6,GOT_03,eel,3,0,0,0.251,0,1,27,GOT_04,golden retriever,5,0,0,0.259,0,1,12,GOT_05,parking meter,6,0,0,0.256,0,0,19,GOT_06,greenhouse,10,0,0,0.26,0,1,16,GOT_07,armadillo,1,0,0,0.252,0,1,11,GOT_08,robin,8,0,0,0.257,0,0,13,GOT_09,mug,4,0,0,0.254,0,1,6,GOT_10,centipede,7,0,0
0,0,0.251,0,1,0,GOT_01,chimpanzee,3,0,0,0.25,0,1,0,GOT_02,confectionary,9,0,0,0.252,0,1,0,GOT_03,eel,1,0,0,0.252,0,1,0,GOT_04,golden retriever,7,0,0,0.25,0,1,13,GOT_05,parking meter,8,0,0,0.251,0,1,0,GOT_06,greenhouse,10,0,0,0.251,0,1,10,GOT_07,armadillo,5,0,0,0.251,0,1,15,GOT_08,robin,6,0,0,0.251,0,0,0,GOT_09,mug,2,0,0,0.251,0,1,34,GOT_10,centipede,4,0,25
0,0,0.254,0,0,0,GOT_01,chimpanzee,1,0,0,0,0,1,0,GOT_02,confectionary,9,0,0,0.118,0,1,0,GOT_03,eel,10,0,0,0.25,0,1,0,GOT_04,golden retriever,2,0,0,0.249,0,0,0,GOT_05,parking meter,7,0,0,0.25,0,0,0,GOT_06,greenhouse,8,0,0,0.125,0,1,0,GOT_07,armadillo,4,0,0,0.251,0,1,0,GOT_08,robin,6,0,0,0.156,0,1,0,GOT_09,mug,3,0,0,0.167,0,1,80,GOT_10,centipede,5,0,5
0,0,0.153,0,1,8,GOT_01,chimpanzee,7,0,0,0.165,0,1,14,GOT_02,confectionary,8,0,0,0.066,0,1,8,GOT_03,eel,10,0,0,0.23,0,1,21,GOT_04,golden retriever,1,0,0,0.1,0,0,13,GOT_05,parking meter,2,0,0,0.148,0,1,11,GOT_06,greenhouse,6,0,0,0.241,0,1,13,GOT_07,armadillo,4,0,0,0.234,0,0,13,GOT_08,robin,5,0,0,0.242,0,0,10,GOT_09,mug,3,0,0,0.148,0,0,15,GOT_10,centipede,9,0,0
0,0,0.251,0,1,51,GOT_01,chimpanzee,2,0,0,0.253,0,1,50,GOT_02,confectionary,1,0,0,0.087,0,0,50,GOT_03,eel,10,0,0,0.231,0,1,50,GOT_04,golden retriever,8,0,0,0.254,0,1,50,GOT_05,parking meter,3,0,0,0.223,0,0,50,GOT_06,greenhouse,9,0,0,0.094,0,0,50,GOT_07,armadillo,4,0,0,0.252,0,1,50,GOT_08,robin,5,0,0,0.254,0,1,50,GOT_09,mug,7,0,0,0.254,0,1,50,GOT_10,centipede,6,4,30
0,0,0,0,1,71,GOT_01,chimpanzee,5,0,0,0.246,0,1,50,GOT_02,confectionary,3,0,0,0,0,1,83,GOT_03,eel,8,0,0,0,0,0,62,GOT_04,golden retriever,10,0,0,0,0,0,63,GOT_05,parking meter,4,0,0,0,0,1,67,GOT_06,greenhouse,6,0,0,0,0,1,56,GOT_07,armadillo,7,0,0,0,0,0,65,GOT_08,robin,9,0,0,0.246,0,1,46,GOT_09,mug,2,0,0,0.25,0,1,78,GOT_10,centipede,1,5,70
0,0,0.251,0,1,1,GOT_01,chimpanzee,6,0,0,0.252,0,1,1,GOT_02,confectionary,1,0,0,0.252,0,1,1,GOT_03,eel,4,0,0,0.121,0,0,1,GOT_04,golden retriever,10,0,0,0.19,0,0,1,GOT_05,parking meter,7,0,0,0.251,0,0,1,GOT_06,greenhouse,5,0,0,0.138,0,1,1,GOT_07,armadillo,9,0,0,0.173,0,1,13,GOT_08,robin,8,0,0,0.252,0,0,1,GOT_09,mug,3,0,0,0.253,0,0,1,GOT_10,centipede,2,1,25
0,0,0,0,0,40,GOT_01,chimpanzee,7,0,0,0.27,0,0,60,GOT_02,confectionary,1,0,0,0,0,0,40,GOT_03,eel,6,0,0,0,0,0,80,GOT_04,golden retriever,8,0,0,0,0,1,70,GOT_05,parking meter,9,0,0,0.256,0,1,80,GOT_06,greenhouse,3,0,0,0,0,1,40,GOT_07,armadillo,10,0,0,0.246,0,1,80,GOT_08,robin,2,0,0,0,0,0,60,GOT_09,mug,4,0,0,0,0,1,90,GOT_10,centipede,5,2,60
0,0,0.254,0,1,5,GOT_01,chimpanzee,7,0,0,0.251,0,1,6,GOT_02,confectionary,2,0,0,0.255,0,1,5,GOT_03,eel,4,0,0,0.256,0,0,6,GOT_04,golden retriever,3,0,0,0.253,0,1,7,GOT_05,parking meter,9,0,0,0.26,0,1,7,GOT_06,greenhouse,6,0,0,0.255,0,1,56,GOT_07,armadillo,1,0,0,0.254,0,1,4,GOT_08,robin,8,0,0,0.249,0,0,34,GOT_09,mug,5,0,0,0.245,0,0,8,GOT_10,centipede,10,0,10
0,0,0,0,0,50,GOT_01,chimpanzee,10,0,0,0.119,0,0,50,GOT_02,confectionary,7,0,0,0.19,0,1,50,GOT_03,eel,9,0,0,0.09,0,1,50,GOT_04,golden retriever,6,0,0,0.139,0,0,50,GOT_05,parking meter,4,0,0,0.135,0,0,50,GOT_06,greenhouse,8,0,0,0.136,0,1,50,GOT_07,armadillo,2,0,0,0.253,0,1,50,GOT_08,robin,1,0,0,0.177,0,0,50,GOT_09,mug,5,0,0,0.141,0,0,50,GOT_10,centipede,3,5,50
0,0,0.2,0,0,23,GOT_01,chimpanzee,4,0,0,0.253,0,1,65,GOT_02,confectionary,1,0,0,0.226,0,1,38,GOT_03,eel,9,0,0,0.233,0,0,32,GOT_04,golden retriever,3,0,0,0.149,0,1,78,GOT_05,parking meter,5,0,0,0.164,0,1,44,GOT_06,greenhouse,6,0,0,0.121,0,1,43,GOT_07,armadillo,7,0,0,0.18,0,1,44,GOT_08,robin,2,0,0,0.168,0,0,32,GOT_09,mug,10,0,0,0.179,0,1,59,GOT_10,centipede,8,3,75
0,0,0.243,0,1,18,GOT_01,chimpanzee,8,0,0,0.243,0,1,16,GOT_02,confectionary,7,0,0,0.228,0,1,43,GOT_03,eel,2,0,0,0.082,0,0,29,GOT_04,golden retriever,10,0,0,0.241,0,1,28,GOT_05,parking meter,6,0,0,0.232,0,1,16,GOT_06,greenhouse,3,0,0,0.231,0,1,34,GOT_07,armadillo,4,0,0,0.25,0,1,32,GOT_08,robin,5,0,0,0.26,0,1,26,GOT_09,mug,1,0,0,0.051,0,1,26,GOT_10,centipede,9,0,40
0,0,0.126,0,0,49,GOT_01,chimpanzee,7,0,0,0.133,0,0,11,GOT_02,confectionary,8,0,0,0,0,0,74,GOT_03,eel,9,0,0,0.121,0,1,63,GOT_04,golden retriever,10,0,0,0.087,0,0,67,GOT_05,parking meter,5,0,0,0.26,0,0,58,GOT_06,greenhouse,4,0,0,0.248,0,0,43,GOT_07,armadillo,3,0,0,0.257,0,1,55,GOT_08,robin,1,0,0,0.264,0,1,64,GOT_09,mug,2,0,0,0.081,0,0,24,GOT_10,centipede,6,1,10
0,0,0.079,0,0,26,GOT_01,chimpanzee,10,0,0,0,0,0,27,GOT_02,confectionary,6,0,0,0.259,0,0,26,GOT_03,eel,5,0,0,0.181,0,1,50,GOT_04,golden retriever,8,0,0,0.259,0,1,61,GOT_05,parking meter,4,0,0,0.261,0,0,22,GOT_06,greenhouse,3,0,0,0.25,0,0,23,GOT_07,armadillo,1,0,0,0.259,0,1,21,GOT_08,robin,2,0,0,0.144,0,0,70,GOT_09,mug,7,0,0,0,0,1,79,GOT_10,centipede,9,2,5
0,0,0,0,1,10,GOT_01,chimpanzee,8,0,0,0.251,0,0,13,GOT_02,confectionary,1,0,0,0,0,1,19,GOT_03,eel,10,0,0,0,0,1,15,GOT_04,golden retriever,2,0,0,0,0,0,25,GOT_05,parking meter,6,0,0,0,0,1,12,GOT_06,greenhouse,5,0,0,0,0,1,12,GOT_07,armadillo,3,0,0,0,0,0,19,GOT_08,robin,7,0,0,0,0,1,9,GOT_09,mug,4,0,0,0,0,1,9,GOT_10,centipede,9,4,50
0,0,0.185,0,0,10,GOT_01,chimpanzee,10,0,0,0.249,0,0,5,GOT_02,confectionary,4,0,0,0.197,0,0,15,GOT_03,eel,9,0,0,0.182,0,0,30,GOT_04,golden retriever,2,0,0,0.191,0,1,40,GOT_05,parking meter,7,0,0,0.163,0,0,30,GOT_06,greenhouse,8,0,0,0.166,0,1,60,GOT_07,armadillo,5,0,0,0.247,0,0,50,GOT_08,robin,3,0,0,0.261,0,0,10,GOT_09,mug,1,0,0,0.249,0,1,50,GOT_10,centipede,6,0,50
0,0,0.253,0,0,2,GOT_01,chimpanzee,1,0,0,0.262,0,1,0,GOT_02,confectionary,8,0,0,0.256,0,0,0,GOT_03,eel,4,0,0,0.259,0,1,0,GOT_04,golden retriever,9,0,0,0.263,0,1,3,GOT_05,parking meter,6,0,0,0.252,0,0,0,GOT_06,greenhouse,3,0,0,0.259,0,0,0,GOT_07,armadillo,10,0,0,0.262,0,0,2,GOT_08,robin,7,0,0,0.255,0,1,0,GOT_09,mug,5,0,0,0.257,0,1,5,GOT_10,centipede,2,3,40
0,0,0.249,0,1,16,GOT_01,chimpanzee,8,0,0,0.259,0,1,26,GOT_02,confectionary,10,0,0,0.266,0,0,44,GOT_03,eel,4,0,0,0.259,0,1,29,GOT_04,golden retriever,2,0,0,0.248,0,1,59,GOT_05,parking meter,6,0,0,0.251,0,1,8,GOT_06,greenhouse,1,0,0,0.256,0,0,28,GOT_07,armadillo,5,0,0,0.262,0,1,87,GOT_08,robin,3,0,0,0.254,0,0,72,GOT_09,mug,9,0,0,0.249,0,1,26,GOT_10,centipede,7,1,60
0,0,0.251,0,0,56,GOT_01,chimpanzee,1,0,0,0.013,0,1,59,GOT_02,confectionary,8,0,0,0.017,0,1,63,GOT_03,eel,4,0,0,0.256,0,0,72,GOT_04,golden retriever,2,0,0,0.249,0,1,71,GOT_05,parking meter,3,0,0,0,0,0,57,GOT_06,greenhouse,7,0,0,0,0,1,67,GOT_07,armadillo,9,0,0,0.015,0,0,59,GOT_08,robin,5,0,0,0,0,0,61,GOT_09,mug,10,0,0,0,0,0,64,GOT_10,centipede,6,4,4
0,0,0,0,1,93,GOT_01,chimpanzee,9,0,0,0.252,0,0,92,GOT_02,confectionary,1,0,0,0.177,0,1,91,GOT_03,eel,10,0,0,0.081,0,0,82,GOT_04,golden retriever,5,0,0,0.255,0,1,94,GOT_05,parking meter,3,0,0,0.065,0,1,92,GOT_06,greenhouse,4,0,0,0.081,0,0,96,GOT_07,armadillo,6,0,0,0.248,0,0,91,GOT_08,robin,8,0,0,0.249,0,0,71,GOT_09,mug,2,0,0,0.061,0,0,96,GOT_10,centipede,7,5,95
0,0,0.073,0,1,22,GOT_01,chimpanzee,7,0,0,0.284,0,0,12,GOT_02,confectionary,2,0,0,0.268,0,1,17,GOT_03,eel,4,0,0,0.299,0,1,16,GOT_04,golden retriever,1,0,0,0.274,0,1,15,GOT_05,parking meter,5,0,0,0.163,0,0,12,GOT_06,greenhouse,10,0,0,0.271,0,1,11,GOT_07,armadillo,3,0,0,0.17,0,0,30,GOT_08,robin,8,0,0,0.194,0,0,15,GOT_09,mug,6,0,0,0.169,0,1,23,GOT_10,centipede,9,0,50
0,0,0.071,0,1,21,GOT_01,chimpanzee,6,0,0,0.265,0,1,22,GOT_02,confectionary,2,0,0,0.091,0,1,50,GOT_03,eel,5,0,0,0.252,0,1,14,GOT_04,golden retriever,4,0,0,0.189,0,1,59,GOT_05,parking meter,7,0,0,0.255,0,1,28,GOT_06,greenhouse,1,0,0,0.186,0,1,72,GOT_07,armadillo,10,0,0,0,0,0,69,GOT_08,robin,3,0,0,0.083,0,1,35,GOT_09,mug,8,0,0,0.221,0,1,51,GOT_10,centipede,9,2,35
0,0,0,0,1,15,GOT_01,chimpanzee,10,0,0,0,0,1,11,GOT_02,confectionary,5,0,0,0.045,0,0,20,GOT_03,eel,9,0,0,0.087,0,0,50,GOT_04,golden retriever,8,0,0,0.005,0,1,20,GOT_05,parking meter,7,0,0,0,0,1,10,GOT_06,greenhouse,3,0,0,0,0,1,19,GOT_07,armadillo,6,0,0,0,0,0,32,GOT_08,robin,2,0,0,0,0,0,12,GOT_09,mug,4,0,0,0.257,0,1,31,GOT_10,centipede,1,0,10
0,0,0.18,0,1,0,GOT_01,chimpanzee,9,0,0,0.254,0,1,25,GOT_02,confectionary,2,0,0,0.18,0,1,1,GOT_03,eel,8,0,0,0.179,0,0,1,GOT_04,golden retriever,6,0,0,0.179,0,1,0,GOT_05,parking meter,7,0,0,0.173,0,1,5,GOT_06,greenhouse,5,0,0,0.175,0,1,2,GOT_07,armadillo,3,0,0,0.257,0,1,2,GOT_08,robin,1,0,0,0.252,0,1,0,GOT_09,mug,4,0,0,0.171,0,1,51,GOT_10,centipede,10,0,40
0,0,0.047,0,0,13,GOT_01,chimpanzee,10,0,0,0.251,0,1,26,GOT_02,confectionary,2,0,0,0.122,0,1,22,GOT_03,eel,6,0,0,0.065,0,0,21,GOT_04,golden retriever,9,0,0,0.251,0,0,13,GOT_05,parking meter,1,0,0,0.249,0,0,6,GOT_06,greenhouse,4,0,0,0.018,0,0,11,GOT_07,armadillo,7,0,0,0.25,0,0,16,GOT_08,robin,3,0,0,0,0,0,23,GOT_09,mug,8,0,0,0.256,0,0,18,GOT_10,centipede,5,0,12
0,0,0.243,0,0,70,GOT_01,chimpanzee,5,0,0,0.242,0,0,71,GOT_02,confectionary,2,0,0,0.255,0,0,65,GOT_03,eel,1,0,0,0.26,0,1,61,GOT_04,golden retriever,4,0,0,0.243,0,0,81,GOT_05,parking meter,3,0,0,0.234,0,1,68,GOT_06,greenhouse,6,0,0,0,0,0,69,GOT_07,armadillo,10,0,0,0,0,0,72,GOT_08,robin,9,0,0,0,0,1,73,GOT_09,mug,8,0,0,0.239,0,1,71,GOT_10,centipede,7,4,80
0,0,0.227,0,1,6,GOT_01,chimpanzee,9,0,0,0.174,0,1,5,GOT_02,confectionary,7,0,0,0.248,0,1,90,GOT_03,eel,2,0,0,0.25,0,0,29,GOT_04,golden retriever,4,0,0,0.251,0,1,27,GOT_05,parking meter,3,0,0,0.223,0,0,8,GOT_06,greenhouse,10,0,0,0.252,0,1,74,GOT_07,armadillo,1,0,0,0.25,0,0,23,GOT_08,robin,5,0,0,0.225,0,0,5,GOT_09,mug,8,0,0,0.249,0,1,6,GOT_10,centipede,6,2,50
0,0,0.255,0,1,65,GOT_01,chimpanzee,3,0,0,0.254,0,1,68,GOT_02,confectionary,1,0,0,0.239,0,1,73,GOT_03,eel,2,0,0,0.066,0,1,65,GOT_04,golden retriever,10,0,0,0.093,0,0,63,GOT_05,parking meter,9,0,0,0.237,0,0,64,GOT_06,greenhouse,6,0,0,0,0,0,56,GOT_07,armadillo,8,0,0,0.246,0,0,69,GOT_08,robin,5,0,0,0.242,0,1,71,GOT_09,mug,4,0,0,0.006,0,0,69,GOT_10,centipede,7,5,65
0,0,0.247,0,1,60,GOT_01,chimpanzee,9,0,0,0.26,0,0,63,GOT_02,confectionary,1,0,0,0.256,0,0,70,GOT_03,eel,7,0,0,0.25,0,1,73,GOT_04,golden retriever,2,0,0,0.249,0,1,64,GOT_05,parking meter,4,0,0,0.247,0,0,50,GOT_06,greenhouse,3,0,0,0.251,0,1,72,GOT_07,armadillo,10,0,0,0.247,0,0,74,GOT_08,robin,6,0,0,0.247,0,0,66,GOT_09,mug,5,0,0,0.25,0,0,60,GOT_10,centipede,8,2,40
0,0,0.253,0,1,51,GOT_01,chimpanzee,2,0,0,0.254,0,1,1,GOT_02,confectionary,10,0,0,0.26,0,1,2,GOT_03,eel,4,0,0,0.254,0,0,1,GOT_04,golden retriever,9,0,0,0.256,0,1,4,GOT_05,parking meter,7,0,0,0.259,0,1,0,GOT_06,greenhouse,1,0,0,0.253,0,1,2,GOT_07,armadillo,8,0,0,0.255,0,1,2,GOT_08,robin,3,0,0,0.253,0,0,3,GOT_09,mug,6,0,0,0.256,0,0,3,GOT_10,centipede,5,1,10
0,0,0,0,1,14,GOT_01,chimpanzee,7,0,0,0.016,0,1,25,GOT_02,confectionary,4,0,0,0.264,0,1,27,GOT_03,eel,1,0,0,0.261,0,0,14,GOT_04,golden retriever,6,0,0,0.022,0,1,14,GOT_05,parking meter,10,0,0,0.255,0,1,27,GOT_06,greenhouse,5,0,0,0.234,0,1,12,GOT_07,armadillo,8,0,0,0,0,0,22,GOT_08,robin,9,0,0,0.266,0,0,31,GOT_09,mug,2,0,0,0.264,0,1,78,GOT_10,centipede,3,2,75
0,0,0.244,0,1,27,GOT_01,chimpanzee,4,0,0,0.061,0,1,2,GOT_02,confectionary,10,0,0,0.247,0,0,25,GOT_03,eel,3,0,0,0.241,0,0,32,GOT_04,golden retriever,8,0,0,0.247,0,1,23,GOT_05,parking meter,6,0,0,0.112,0,1,8,GOT_06,greenhouse,9,0,0,0.249,0,1,44,GOT_07,armadillo,7,0,0,0.254,0,1,32,GOT_08,robin,1,0,0,0.253,0,1,28,GOT_09,mug,5,0,0,0.251,0,1,44,GOT_10,centipede,2,1,50
0,0,0.253,0,1,0,GOT_01,chimpanzee,4,0,0,0.259,0,1,8,GOT_02,confectionary,3,0,0,0.255,0,1,1,GOT_03,eel,8,0,0,0.25,0,1,1,GOT_04,golden retriever,7,0,0,0.259,0,0,3,GOT_05,parking meter,6,0,0,0.248,0,1,24,GOT_06,greenhouse,10,0,0,0.25,0,0,1,GOT_07,armadillo,5,0,0,0.251,0,1,9,GOT_08,robin,2,0,0,0.259,0,0,19,GOT_09,mug,1,0,0,0.251,0,1,3,GOT_10,centipede,9,0,0
0,0,0.257,0,0,10,GOT_01,chimpanzee,10,0,0,0.258,0,0,11,GOT_02,confectionary,9,0,0,0.26,0,0,15,GOT_03,eel,1,0,0,0.258,0,1,19,GOT_04,golden retriever,5,0,0,0.251,0,1,53,GOT_05,parking meter,2,0,0,0.261,0,0,18,GOT_06,greenhouse,3,0,0,0.258,0,1,8,GOT_07,armadillo,4,0,0,0.261,0,1,5,GOT_08,robin,6,0,0,0.257,0,1,10,GOT_09,mug,8,0,0,0.258,0,1,8,GOT_10,centipede,7,0,30
0,0,0,0,1,23,GOT_01,chimpanzee,8,0,0,0.257,0,1,46,GOT_02,confectionary,2,0,0,0.26,0,1,50,GOT_03,eel,1,0,0,0,0,1,29,GOT_04,golden retriever,4,0,0,0.263,0,0,8,GOT_05,parking meter,3,0,0,0,0,0,36,GOT_06,greenhouse,6,0,0,0,0,1,17,GOT_07,armadillo,9,0,0,0,0,1,24,GOT_08,robin,5,0,0,0,0,0,32,GOT_09,mug,7,0,0,0,0,0,2,GOT_10,centipede,10,0,50
0,0,0.124,0,1,9,GOT_01,chimpanzee,9,0,0,0.036,0,0,5,GOT_02,confectionary,4,0,0,0.083,0,1,35,GOT_03,eel,7,0,0,0.25,0,0,14,GOT_04,golden retriever,1,0,0,0.059,0,1,17,GOT_05,parking meter,10,0,0,0,0,0,7,GOT_06,greenhouse,8,0,0,0.091,0,0,5,GOT_07,armadillo,3,0,0,0.065,0,1,27,GOT_08,robin,6,0,0,0.265,0,0,10,GOT_09,mug,2,0,0,0.068,0,1,24,GOT_10,centipede,5,0,35
0,0,0,0,1,12,GOT_01,chimpanzee,4,0,0,0,0,1,3,GOT_02,confectionary,6,0,0,0,0,1,54,GOT_03,eel,10,0,0,0,0,0,12,GOT_04,golden retriever,2,0,0,0,0,1,5,GOT_05,parking meter,5,0,0,0,0,0,16,GOT_06,greenhouse,3,0,0,0,0,1,77,GOT_07,armadillo,8,0,0,0.256,0,1,73,GOT_08,robin,1,0,0,0,0,0,8,GOT_09,mug,9,0,0,0,0,1,58,GOT_10,centipede,7,2,20
0,0,0.093,0,1,11,GOT_01,chimpanzee,2,0,0,0.259,0,1,29,GOT_02,confectionary,3,0,0,0,0,1,31,GOT_03,eel,8,0,0,0.259,0,0,26,GOT_04,golden retriever,6,0,0,0.149,0,1,7,GOT_05,parking meter,9,0,0,0.145,0,0,36,GOT_06,greenhouse,7,0,0,0.26,0,1,50,GOT_07,armadillo,1,0,0,0.203,0,0,3,GOT_08,robin,10,0,0,0.139,0,0,38,GOT_09,mug,5,0,0,0.119,0,0,31,GOT_10,centipede,4,1,10
0,0,0.137,0,1,7,GOT_01,chimpanzee,7,0,0,0.255,0,1,17,GOT_02,confectionary,4,0,0,0.254,0,0,5,GOT_03,eel,3,0,0,0.263,0,0,22,GOT_04,golden retriever,5,0,0,0.095,0,1,14,GOT_05,parking meter,8,0,0,0.256,0,1,5,GOT_06,greenhouse,1,0,0,0.09,0,1,13,GOT_07,armadillo,9,0,0,0.188,0,0,13,GOT_08,robin,6,0,0,0.249,0,0,45,GOT_09,mug,2,0,0,0.081,0,1,5,GOT_10,centipede,10,0,1
0,0,0.077,0,1,20,GOT_01,chimpanzee,6,0,0,0.258,0,1,5,GOT_02,confectionary,1,0,0,0.072,0,0,20,GOT_03,eel,3,0,0,0.237,0,0,60,GOT_04,golden retriever,2,0,0,0.029,0,1,65,GOT_05,parking meter,5,0,0,0,0,1,20,GOT_06,greenhouse,7,0,0,0.098,0,1,60,GOT_07,armadillo,8,0,0,0.038,0,0,40,GOT_08,robin,10,0,0,0.052,0,0,35,GOT_09,mug,4,0,0,0,0,1,65,GOT_10,centipede,9,2,35
0,0,0.241,0,0,76,GOT_01,chimpanzee,3,0,0,0,0,1,39,GOT_02,confectionary,10,0,0,0,0,1,86,GOT_03,eel,1,0,0,0,0,0,73,GOT_04,golden retriever,7,0,0,0.24,0,1,82,GOT_05,parking meter,2,0,0,0.206,0,0,77,GOT_06,greenhouse,6,0,0,0.231,0,1,61,GOT_07,armadillo,4,0,0,0,0,1,81,GOT_08,robin,5,0,0,0,0,1,43,GOT_09,mug,9,0,0,0,0,1,83,GOT_10,centipede,8,4,80
0,0,0,0,1,5,GOT_01,chimpanzee,3,0,0,0.171,0,0,15,GOT_02,confectionary,10,0,0,0.263,0,1,13,GOT_03,eel,2,0,0,0.25,0,0,10,GOT_04,golden retriever,8,0,0,0.248,0,0,6,GOT_05,parking meter,7,0,0,0.249,0,0,13,GOT_06,greenhouse,5,0,0,0,0,1,13,GOT_07,armadillo,9,0,0,0.256,0,1,22,GOT_08,robin,6,0,0,0.249,0,1,3,GOT_09,mug,4,0,0,0.257,0,0,11,GOT_10,centipede,1,2,20
0,0,0.255,0,0,20,GOT_01,chimpanzee,4,0,0,0.188,0,0,9,GOT_02,confectionary,8,0,0,0.188,0,1,0,GOT_03,eel,10,0,0,0.149,0,0,50,GOT_04,golden retriever,3,0,0,0.195,0,1,11,GOT_05,parking meter,6,0,0,0.181,0,0,10,GOT_06,greenhouse,9,0,0,0.086,0,1,25,GOT_07,armadillo,7,0,0,0.167,0,1,29,GOT_08,robin,5,0,0,0.111,0,1,10,GOT_09,mug,2,0,0,0.257,0,0,9,GOT_10,centipede,1,0,49
0,0,0.266,0,1,5,GOT_01,chimpanzee,3,0,0,0.257,0,1,3,GOT_02,confectionary,2,0,0,0.253,0,1,50,GOT_03,eel,7,0,0,0.256,0,0,22,GOT_04,golden retriever,4,0,0,0.254,0,1,52,GOT_05,parking meter,6,0,0,0.114,0,1,53,GOT_06,greenhouse,10,0,0,0.171,0,1,52,GOT_07,armadillo,8,0,0,0.258,0,1,10,GOT_08,robin,1,0,0,0,0,1,52,GOT_09,mug,9,0,0,0.252,0,0,12,GOT_10,centipede,5,3,30
0,0,0.248,0,0,0,GOT_01,chimpanzee,4,0,0,0.167,0,0,0,GOT_02,confectionary,10,0,0,0.245,0,0,0,GOT_03,eel,2,0,0,0.252,0,1,0,GOT_04,golden retriever,1,0,0,0.224,0,0,0,GOT_05,parking meter,7,0,0,0.147,0,1,0,GOT_06,greenhouse,8,0,0,0.162,0,1,0,GOT_07,armadillo,9,0,0,0.229,0,1,0,GOT_08,robin,5,0,0,0.228,0,1,0,GOT_09,mug,3,0,0,0.247,0,0,0,GOT_10,centipede,6,1,5
0,0,0.236,0,1,9,GOT_01,chimpanzee,3,0,0,0.173,0,1,3,GOT_02,confectionary,10,0,0,0.149,0,0,12,GOT_03,eel,6,0,0,0.101,0,0,5,GOT_04,golden retriever,5,0,0,0.155,0,1,15,GOT_05,parking meter,7,0,0,0.187,0,1,18,GOT_06,greenhouse,4,0,0,0.178,0,1,10,GOT_07,armadillo,8,0,0,0.269,0,1,34,GOT_08,robin,2,0,0,0.26,0,0,75,GOT_09,mug,1,0,0,0.1,0,1,12,GOT_10,centipede,9,3,60
0,0,0.247,0,1,5,GOT_01,chimpanzee,4,0,0,0.249,0,1,20,GOT_02,confectionary,3,0,0,0.198,0,0,20,GOT_03,eel,7,0,0,0.238,0,0,10,GOT_04,golden retriever,5,0.101,0.101,0.246,1,0,10,GOT_05,parking meter,6,0,0,0.247,0,0,0,GOT_06,greenhouse,2,0,0,0.069,0,1,5,GOT_07,armadillo,9,0,0,0.086,0,0,10,GOT_08,robin,8,0,0,0.251,0,0,5,GOT_09,mug,10,0,0,0.251,0,1,10,GOT_10,centipede,1,0,75
0,0,0,0,0,4,GOT_01,chimpanzee,5,0,0,0.065,0,0,8,GOT_02,confectionary,10,0,0,0.183,0,1,2,GOT_03,eel,4,0,0,0,0,0,3,GOT_04,golden retriever,7,0,0,0.253,0,0,1,GOT_05,parking meter,1,0,0,0.101,0,0,2,GOT_06,greenhouse,9,0,0,0.241,0,1,2,GOT_07,armadillo,2,0,0,0.243,0,1,3,GOT_08,robin,3,0,0,0.175,0,1,2,GOT_09,mug,8,0,0,0.196,0,0,0,GOT_10,centipede,6,1,20
0,0,0.249,0,1,52,GOT_01,chimpanzee,5,0,0,0.254,0,1,33,GOT_02,confectionary,1,0,0,0.25,0,0,36,GOT_03,eel,9,0,0,0.249,0,1,38,GOT_04,golden retriever,3,0,0,0.249,0,1,48,GOT_05,parking meter,2,0,0,0.249,0,1,61,GOT_06,greenhouse,7,0,0,0.249,0,1,62,GOT_07,armadillo,4,0,0,0.25,0,0,64,GOT_08,robin,6,0,0,0.026,0,0,40,GOT_09,mug,10,0,0,0.249,0,0,56,GOT_10,centipede,8,1,20
0,0,0.021,0,1,88,GOT_01,chimpanzee,7,0,0,0.057,0,0,95,GOT_02,confectionary,5,0,0,0.249,0,1,91,GOT_03,eel,9,0,0,0.241,0,0,94,GOT_04,golden retriever,6,0,0,0.246,0,1,96,GOT_05,parking meter,3,0,0,0.248,0,1,89,GOT_06,greenhouse,8,0,0,0.248,0,0,67,GOT_07,armadillo,10,0,0,0.063,0,0,89,GOT_08,robin,2,0,0,0.224,0,1,82,GOT_09,mug,4,0,0,0.238,0,0,87,GOT_10,centipede,1,5,97
0,0,0.264,0,0,3,GOT_01,chimpanzee,4,0,0,0.267,0,1,5,GOT_02,confectionary,3,0,0,0.271,0,0,8,GOT_03,eel,1,0,0,0.264,0,0,3,GOT_04,golden retriever,5,0,0,0.256,0,1,5,GOT_05,parking meter,8,0,0,0.253,0,0,4,GOT_06,greenhouse,7,0,0,0.265,0,1,5,GOT_07,armadillo,2,0,0,0.254,0,0,2,GOT_08,robin,6,0,0,0.258,0,0,3,GOT_09,mug,10,0,0,0.265,0,0,2,GOT_10,centipede,9,2,8
0,0,0.239,0,1,82,GOT_01,chimpanzee,8,0,0,0.241,0,1,100,GOT_02,confectionary,1,0,0,0.251,0,1,51,GOT_03,eel,2,0,0,0.168,0,0,100,GOT_04,golden retriever,6,0,0,0.237,0,1,100,GOT_05,parking meter,3,0,0,0.171,0,0,30,GOT_06,greenhouse,10,0,0,0.248,0,1,100,GOT_07,armadillo,4,0,0,0.17,0,1,75,GOT_08,robin,9,0,0,0.143,0,1,42,GOT_09,mug,7,0,0,0.245,0,1,100,GOT_10,centipede,5,4,80
0,0,0.251,0,0,13,GOT_01,chimpanzee,1,0,0,0.128,0,0,8,GOT_02,confectionary,10,0,0,0.128,0,1,12,GOT_03,eel,9,0,0,0.129,0,0,11,GOT_04,golden retriever,3,0,0,0.129,0,1,26,GOT_05,parking meter,8,0,0,0.213,0,1,8,GOT_06,greenhouse,7,0,0,0.209,0,1,21,GOT_07,armadillo,4,0,0,0.207,0,1,18,GOT_08,robin,5,0,0,0.249,0,1,18,GOT_09,mug,2,0,0,0.207,0,0,8,GOT_10,centipede,6,1,5
0,0,0.14,0,1,11,GOT_01,chimpanzee,5,0,0,0.145,0,1,50,GOT_02,confectionary,4,0,0,0.17,0,1,19,GOT_03,eel,10,0,0,0.151,0,0,35,GOT_04,golden retriever,7,0,0,0.254,0,0,20,GOT_05,parking meter,1,0,0,0.156,0,1,45,GOT_06,greenhouse,8,0,0,0.247,0,1,30,GOT_07,armadillo,3,0,0,0.247,0,1,61,GOT_08,robin,2,0,0,0.093,0,1,70,GOT_09,mug,9,0,0,0.153,0,0,41,GOT_10,centipede,6,2,20
0,0,0.221,0,1,73,GOT_01,chimpanzee,9,0,0,0.252,0,1,46,GOT_02,confectionary,1,0,0,0.172,0,1,77,GOT_03,eel,3,0,0,0.21,0,0,20,GOT_04,golden retriever,10,0,0,0.094,0,0,50,GOT_05,parking meter,7,0,0,0.226,0,1,62,GOT_06,greenhouse,5,0,0,0.221,0,1,71,GOT_07,armadillo,6,0,0,0.22,0,0,51,GOT_08,robin,4,0,0,0.221,0,1,66,GOT_09,mug,2,0,0,0.209,0,1,74,GOT_10,centipede,8,1,50
0,0,0.257,0,1,0,GOT_01,chimpanzee,10,0,0,0.257,0,0,0,GOT_02,confectionary,4,0,0,0.25,0,1,0,GOT_03,eel,1,0,0,0.266,0,1,0,GOT_04,golden retriever,9,0,0,0.251,0,0,0,GOT_05,parking meter,2,0,0,0.249,0,0,0,GOT_06,greenhouse,6,0,0,0.263,0,1,0,GOT_07,armadillo,5,0,0,0.101,0,1,0,GOT_08,robin,8,0,0,0.249,0,0,0,GOT_09,mug,7,0,0,0.263,0,1,0,GOT_10,centipede,3,0,49
0,0,0.252,0,1,4,GOT_01,chimpanzee,9,0,0,0.254,0,1,4,GOT_02,confectionary,2,0,0,0.253,0,1,2,GOT_03,eel,3,0,0,0.213,0,0,5,GOT_04,golden retriever,10,0,0,0.221,0,1,9,GOT_05,parking meter,8,0,0,0.191,0,0,2,GOT_06,greenhouse,6,0,0,0.226,0,1,6,GOT_07,armadillo,7,0,0,0.149,0,0,5,GOT_08,robin,4,0,0,0.253,0,1,14,GOT_09,mug,5,0,0,0.251,0,1,5,GOT_10,centipede,1,0,30
0,0,0,0,1,20,GOT_01,chimpanzee,2,0,0,0.259,0,1,21,GOT_02,confectionary,5,0,0,0.25,0,0,31,GOT_03,eel,7,0,0,0.257,0,1,42,GOT_04,golden retriever,4,0,0,0,0,1,31,GOT_05,parking meter,6,0,0,0,0,0,22,GOT_06,greenhouse,10,0,0,0,0,1,23,GOT_07,armadillo,9,0,0,0,0,0,20,GOT_08,robin,8,0,0,0.25,0,1,22,GOT_09,mug,3,0,0,0.253,0,1,60,GOT_10,centipede,1,0,50
0,0,0.036,0,1,31,GOT_01,chimpanzee,5,0,0,0,0,0,22,GOT_02,confectionary,8,0,0,0.076,0,0,29,GOT_03,eel,10,0,0,0.235,0,0,31,GOT_04,golden retriever,1,0,0,0,0,1,29,GOT_05,parking meter,7,0,0,0.197,0,0,31,GOT_06,greenhouse,4,0,0,0.101,0,1,31,GOT_07,armadillo,3,0,0,0.035,0,0,22,GOT_08,robin,6,0,0,0.115,0,0,32,GOT_09,mug,2,0,0,0.036,0,1,28,GOT_10,centipede,9,5,60
0,0,0.25,0,1,4,GOT_01,chimpanzee,3,0,0,0.252,0,1,10,GOT_02,confectionary,4,0,0,0.147,0,0,10,GOT_03,eel,5,0,0,0.254,0,0,20,GOT_04,golden retriever,2,0,0,0.222,0,1,15,GOT_05,parking meter,6,0,0,0.234,0,0,26,GOT_06,greenhouse,8,0,0,0.214,0,1,19,GOT_07,armadillo,9,0,0,0.224,0,1,21,GOT_08,robin,7,0,0,0.225,0,1,2,GOT_09,mug,10,0,0,0.253,0,1,21,GOT_10,centipede,1,0,40
0,0,0,0,1,7,GOT_01,chimpanzee,8,0,0,0,0,1,20,GOT_02,confectionary,5,0,0,0,0,0,13,GOT_03,eel,4,0,0,0.251,0,0,48,GOT_04,golden retriever,7,0,0,0.256,0,1,10,GOT_05,parking meter,1,0,0,0,0,0,8,GOT_06,greenhouse,10,0,0,0,0,1,1,GOT_07,armadillo,9,0,0,0.249,0,1,12,GOT_08,robin,6,0,0,0.255,0,0,2,GOT_09,mug,2,0,0,0.254,0,1,74,GOT_10,centipede,3,1,10
0,0,0.261,0,1,0,GOT_01,chimpanzee,1,0,0,0.249,0,1,0,GOT_02,confectionary,3,0,0,0.093,0,1,50,GOT_03,eel,10,0,0,0.252,0,0,50,GOT_04,golden retriever,6,0,0,0.259,0,1,0,GOT_05,parking meter,5,0,0,0.203,0,0,0,GOT_06,greenhouse,9,0,0,0.059,0,1,50,GOT_07,armadillo,8,0,0,0.257,0,0,0,GOT_08,robin,4,0,0,0.254,0,0,0,GOT_09,mug,2,0,0,0.248,0,1,50,GOT_10,centipede,7,3,10
0,0,0.142,0,1,1,GOT_01,chimpanzee,10,0,0,0.248,0,1,1,GOT_02,confectionary,1,0,0,0.145,0,0,2,GOT_03,eel,9,0,0,0.259,0,0,1,GOT_04,golden retriever,8,0,0,0.248,0,1,2,GOT_05,parking meter,7,0,0,0.256,0,0,3,GOT_06,greenhouse,6,0,0,0.254,0,1,49,GOT_07,armadillo,3,0,0,0.247,0,0,51,GOT_08,robin,2,0,0,0.266,0,0,1,GOT_09,mug,5,0,0,0.249,0,1,32,GOT_10,centipede,4,4,10
0,0,0.165,0,1,51,GOT_01,chimpanzee,9,0,0,0.159,0,0,50,GOT_02,confectionary,3,0,0,0.213,0,1,50,GOT_03,eel,7,0,0,0.156,0,0,50,GOT_04,golden retriever,2,0,0,0.203,0,0,51,GOT_05,parking meter,4,0,0,0.213,0,0,51,GOT_06,greenhouse,8,0,0,0.228,0,0,51,GOT_07,armadillo,6,0,0,0.205,0,1,51,GOT_08,robin,10,0,0,0.213,0,0,50,GOT_09,mug,5,0,0,0.251,0,1,50,GOT_10,centipede,1,5,50
0,0,0.255,0,1,9,GOT_01,chimpanzee,5,0,0,0.259,0,0,10,GOT_02,confectionary,3,0,0,0.242,0,1,21,GOT_03,eel,4,0,0,0.133,0,0,7,GOT_04,golden retriever,8,0,0,0.141,0,1,41,GOT_05,parking meter,10,0,0,0.259,0,0,10,GOT_06,greenhouse,7,0,0,0.246,0,1,70,GOT_07,armadillo,2,0,0,0.252,0,1,95,GOT_08,robin,1,0,0,0.264,0,0,7,GOT_09,mug,6,0,0,0.132,0,1,100,GOT_10,centipede,9,3,60
0,0,0,0,1,40,GOT_01,chimpanzee,5,0,0,0,0,1,31,GOT_02,confectionary,3,0,0,0,0,1,39,GOT_03,eel,6,0,0,0.244,0,1,19,GOT_04,golden retriever,1,0,0,0,0,0,25,GOT_05,parking meter,9,0,0,0,0,1,40,GOT_06,greenhouse,7,0,0,0,0,1,29,GOT_07,armadillo,8,0,0,0.254,0,0,51,GOT_08,robin,2,0,0,0,0,1,29,GOT_09,mug,10,0,0,0,0,1,40,GOT_10,centipede,4,3,10
0,0,0,0,1,62,GOT_01,chimpanzee,10,0,0,0.247,0,1,73,GOT_02,confectionary,8,0,0,0.26,0,0,74,GOT_03,eel,4,0,0,0.255,0,1,69,GOT_04,golden retriever,3,0,0,0.259,0,1,60,GOT_05,parking meter,7,0,0,0.257,0,1,59,GOT_06,greenhouse,2,0,0,0,0,0,68,GOT_07,armadillo,5,0,0,0.257,0,0,81,GOT_08,robin,9,0,0,0,0,0,65,GOT_09,mug,1,0,0,0,0,0,53,GOT_10,centipede,6,4,70
0,0,0.26,0,0,42,GOT_01,chimpanzee,2,0,0,0,0,1,43,GOT_02,confectionary,5,0,0,0,0,0,44,GOT_03,eel,6,0,0,0,0,0,51,GOT_04,golden retriever,8,0,0,0.243,0,1,56,GOT_05,parking meter,1,0,0,0,0,1,22,GOT_06,greenhouse,4,0,0,0,0,1,76,GOT_07,armadillo,9,0,0,0,0,1,36,GOT_08,robin,3,0,0,0,0,0,47,GOT_09,mug,7,0,0,0,0,1,34,GOT_10,centipede,10,4,40
0,0,0.253,0,1,52,GOT_01,chimpanzee,2,0,0,0.255,0,1,7,GOT_02,confectionary,5,0,0,0.244,0,0,24,GOT_03,eel,8,0,0,0.133,0,1,12,GOT_04,golden retriever,10,0,0,0.263,0,1,15,GOT_05,parking meter,7,0,0,0.247,0,0,22,GOT_06,greenhouse,6,0,0,0.251,0,1,6,GOT_07,armadillo,1,0,0,0.142,0,1,34,GOT_08,robin,9,0,0,0.246,0,0,12,GOT_09,mug,3,0,0,0.244,0,1,62,GOT_10,centipede,4,3,60
0,0,0.261,0,0,4,GOT_01,chimpanzee,4,0,0,0.26,0,1,9,GOT_02,confectionary,9,0,0,0.26,0,1,17,GOT_03,eel,1,0,0,0.26,0,1,3,GOT_04,golden retriever,10,0,0,0.261,0,1,48,GOT_05,parking meter,6,0,0,0.262,0,0,6,GOT_06,greenhouse,2,0,0,0.255,0,1,12,GOT_07,armadillo,5,0,0,0.26,0,0,15,GOT_08,robin,8,0,0,0.262,0,0,30,GOT_09,mug,3,0,0,0.255,0,1,31,GOT_10,centipede,7,0,0
0,0,0.085,0,1,60,GOT_01,chimpanzee,3,0,0,0,0,1,64,GOT_02,confectionary,4,0,0,0.148,0,0,68,GOT_03,eel,8,0,0,0.198,0,1,68,GOT_04,golden retriever,10,0,0,0,0,1,62,GOT_05,parking meter,7,0,0,0.047,0,1,61,GOT_06,greenhouse,2,0,0,0.159,0,1,60,GOT_07,armadillo,5,0,0,0.155,0,1,63,GOT_08,robin,9,0,0,0.29,0,0,51,GOT_09,mug,1,0,0,0,0,0,65,GOT_10,centipede,6,4,75
0,0,0,0,1,20,GOT_01,chimpanzee,8,0,0,0.188,0,0,10,GOT_02,confectionary,4,0,0,0.183,0,1,10,GOT_03,eel,7,0,0,0.251,0,0,10,GOT_04,golden retriever,1,0,0,0.248,0,1,40,GOT_05,parking meter,6,0,0,0.248,0,1,5,GOT_06,greenhouse,3,0,0,0.131,0,1,70,GOT_07,armadillo,9,0,0,0.248,0,1,60,GOT_08,robin,2,0,0,0.181,0,0,20,GOT_09,mug,10,0,0,0.248,0,0,20,GOT_10,centipede,5,2,60
0,0,0.264,0,1,0,GOT_01,chimpanzee,6,0,0,0.255,0,1,0,GOT_02,confectionary,7,0,0,0.264,0,1,0,GOT_03,eel,4,0,0,0.252,0,0,0,GOT_04,golden retriever,8,0,0,0.26,0,1,0,GOT_05,parking meter,5,0,0,0.258,0,1,0,GOT_06,greenhouse,10,0,0,0.255,0,0,10,GOT_07,armadillo,9,0,0,0.252,0,1,0,GOT_08,robin,1,0,0,0.254,0,0,10,GOT_09,mug,2,0,0,0.259,0,1,10,GOT_10,centipede,3,0,15
0,0,0.259,0,1,6,GOT_01,chimpanzee,1,0,0,0.247,0,1,19,GOT_02,confectionary,6,0,0,0.257,0,1,56,GOT_03,eel,2,0,0,0.058,0,0,0,GOT_04,golden retriever,9,0,0,0.259,0,1,32,GOT_05,parking meter,3,0,0,0.071,0,0,18,GOT_06,greenhouse,8,0,0,0.058,0,1,18,GOT_07,armadillo,7,0,0,0.022,0,0,22,GOT_08,robin,5,0,0,0.257,0,1,27,GOT_09,mug,4,0,0,0.075,0,1,13,GOT_10,centipede,10,2,40
0,0,0.074,0,1,70,GOT_01,chimpanzee,9,0,0,0.141,0,1,80,GOT_02,confectionary,8,0,0,0.247,0,1,93,GOT_03,eel,2,0,0,0.111,0,0,80,GOT_04,golden retriever,5,0,0,0,0,0,80,GOT_05,parking meter,7,0,0,0.144,0,0,70,GOT_06,greenhouse,10,0,0,0,0,1,75,GOT_07,armadillo,6,0,0,0,0,1,86,GOT_08,robin,3,0,0,0.258,0,0,91,GOT_09,mug,1,0,0,0,0,0,80,GOT_10,centipede,4,5,80
0,0,0.086,0,1,3,GOT_01,chimpanzee,9,0,0,0.248,0,1,0,GOT_02,confectionary,6,0,0,0.255,0,0,50,GOT_03,eel,2,0,0,0.179,0,0,22,GOT_04,golden retriever,4,0,0,0.252,0,1,45,GOT_05,parking meter,7,0,0,0.249,0,0,21,GOT_06,greenhouse,8,0,0,0.112,0,0,50,GOT_07,armadillo,10,0,0,0.173,0,1,1,GOT_08,robin,5,0,0,0.263,0,0,10,GOT_09,mug,1,0,0,0.266,0,1,10,GOT_10,centipede,3,1,10
0,0,0.261,0,1,23,GOT_01,chimpanzee,2,0,0,0.251,0,1,24,GOT_02,confectionary,3,0,0,0.262,0,1,47,GOT_03,eel,1,0,0,0,0,0,37,GOT_04,golden retriever,6,0,0,0,0,1,24,GOT_05,parking meter,8,0,0,0,0,1,19,GOT_06,greenhouse,9,0,0,0,0,0,29,GOT_07,armadillo,5,0,0,0,0,1,22,GOT_08,robin,4,0,0,0,0,0,22,GOT_09,mug,10,0,0,0,0,1,22,GOT_10,centipede,7,3,20
0,0,0,0,0,2,GOT_01,chimpanzee,8,0,0,0,0,1,2,GOT_02,confectionary,6,0,0,0,0,1,2,GOT_03,eel,9,0,0,0.258,0,0,4,GOT_04,golden retriever,4,0,0,0.217,0,1,4,GOT_05,parking meter,2,0,0,0.251,0,1,7,GOT_06,greenhouse,1,0,0,0,0,0,4,GOT_07,armadillo,5,0,0,0,0,0,3,GOT_08,robin,3,0,0,0,0,1,3,GOT_09,mug,10,0,0,0,0,1,2,GOT_10,centipede,7,1,20
0,0,0.249,0,0,20,GOT_01,chimpanzee,4,0,0,0.248,0,0,0,GOT_02,confectionary,6,0,0,0.126,0,0,0,GOT_03,eel,9,0,0,0.201,0,0,0,GOT_04,golden retriever,10,0,0,0.247,0,1,55,GOT_05,parking meter,5,0,0,0.243,0,0,0,GOT_06,greenhouse,2,0,0,0.251,0,1,21,GOT_07,armadillo,3,0,0,0.249,0,1,9,GOT_08,robin,7,0,0,0.138,0,0,0,GOT_09,mug,8,0,0,0.251,0,1,0,GOT_10,centipede,1,4,40
0,0,0.087,0,1,71,GOT_01,chimpanzee,2,0,0,0.086,0,0,92,GOT_02,confectionary,8,0,0,0.244,0,1,89,GOT_03,eel,9,0,0,0.091,0,1,72,GOT_04,golden retriever,4,0,0,0.242,0,1,74,GOT_05,parking meter,5,0,0,0.08,0,1,86,GOT_06,greenhouse,3,0,0,0.251,0,1,70,GOT_07,armadillo,1,0,0,0.245,0,0,97,GOT_08,robin,6,0,0,0.099,0,0,80,GOT_09,mug,10,0,0,0.048,0,0,91,GOT_10,centipede,7,5,95
0,0,0.256,0,1,0,GOT_01,chimpanzee,2,0,0,0.257,0,1,50,GOT_02,confectionary,7,0,0,0.255,0,1,50,GOT_03,eel,3,0,0,0.254,0,0,1,GOT_04,golden retriever,6,0,0,0.257,0,1,11,GOT_05,parking meter,1,0,0,0.254,0,0,1,GOT_06,greenhouse,5,0,0,0.254,0,1,50,GOT_07,armadillo,10,0,0,0.254,0,1,75,GOT_08,robin,9,0,0,0.254,0,0,50,GOT_09,mug,4,0,0,0.256,0,1,90,GOT_10,centipede,8,1,20
0,0,0,0,1,38,GOT_01,chimpanzee,5,0,0,0.241,0,1,62,GOT_02,confectionary,3,0,0,0,0,1,45,GOT_03,eel,6,0,0,0.261,0,1,44,GOT_04,golden retriever,1,0,0,0,0,1,50,GOT_05,parking meter,7,0,0,0,0,0,36,GOT_06,greenhouse,8,0,0,0.247,0,1,65,GOT_07,armadillo,2,0,0,0,0,1,72,GOT_08,robin,4,0,0,0,0,1,71,GOT_09,mug,10,0,0,0,0,1,61,GOT_10,centipede,9,4,75
0,0,0.257,0,0,0,GOT_01,chimpanzee,8,0,0,0.25,0,1,0,GOT_02,confectionary,9,0,0,0.257,0,1,0,GOT_03,eel,5,0,0,0.254,0,0,0,GOT_04,golden retriever,3,0,0,0.25,0,0,0,GOT_05,parking meter,7,0,0,0.261,0,0,0,GOT_06,greenhouse,1,0,0,0.264,0,0,0,GOT_07,armadillo,6,0,0,0.265,0,0,0,GOT_08,robin,10,0,0,0.25,0,0,0,GOT_09,mug,2,0,0,0.264,0,0,0,GOT_10,centipede,4,0,50
0,0,0.252,0,1,0,GOT_01,chimpanzee,3,0,0,0.251,0,1,0,GOT_02,confectionary,2,0,0,0.251,0,1,0,GOT_03,eel,1,0,0,0.252,0,0,0,GOT_04,golden retriever,7,0,0,0.254,0,1,0,GOT_05,parking meter,4,0,0,0.253,0,0,0,GOT_06,greenhouse,8,0,0,0.265,0,1,0,GOT_07,armadillo,5,0,0,0.251,0,0,0,GOT_08,robin,10,0,0,0.252,0,0,0,GOT_09,mug,6,0,0,0.252,0,1,0,GOT_10,centipede,9,0,50
0,0,0.171,0,1,49,GOT_01,chimpanzee,10,0,0,0,0,0,0,GOT_02,confectionary,2,0,0,0.092,0,0,0,GOT_03,eel,4,0,0,0.233,0,1,50,GOT_04,golden retriever,3,0,0,0,0,1,50,GOT_05,parking meter,8,0,0,0.242,0,0,0,GOT_06,greenhouse,1,0,0,0,0,0,50,GOT_07,armadillo,6,0,0,0,0,0,0,GOT_08,robin,5,0,0,0.06,0,1,50,GOT_09,mug,7,0,0,0.093,0,0,50,GOT_10,centipede,9,1,5
0,0,0,0,1,50,GOT_01,chimpanzee,8,0,0,0.099,0,1,50,GOT_02,confectionary,7,0,0,0.27,0,1,50,GOT_03,eel,1,0,0,0.259,0,0,50,GOT_04,golden retriever,4,0,0,0.252,0,1,55,GOT_05,parking meter,6,0,0,0,0,0,50,GOT_06,greenhouse,5,0,0,0,0,1,50,GOT_07,armadillo,10,0,0,0.256,0,1,50,GOT_08,robin,3,0,0,0.252,0,0,55,GOT_09,mug,2,0,0,0.166,0,1,50,GOT_10,centipede,9,5,5
0,0,0.086,0,1,0,GOT_01,chimpanzee,9,0,0,0.243,0,0,0,GOT_02,confectionary,4,0,0,0.05,0,0,0,GOT_03,eel,7,0,0,0.005,0,1,0,GOT_04,golden retriever,10,0,0,0.255,0,1,14,GOT_05,parking meter,3,0,0,0.257,0,0,1,GOT_06,greenhouse,1,0,0,0.25,0,0,0,GOT_07,armadillo,5,0,0,0.12,0,0,0,GOT_08,robin,8,0,0,0.251,0,0,0,GOT_09,mug,2,0,0,0.247,0,1,1,GOT_10,centipede,6,2,50
0,0,0.226,0,0,2,GOT_01,chimpanzee,6,0,0,0.047,0,0,0,GOT_02,confectionary,10,0,0,0,0,1,75,GOT_03,eel,5,0,0,0.25,0,1,5,GOT_04,golden retriever,2,0,0,0.091,0,1,0,GOT_05,parking meter,7,0,0,0.157,0,1,5,GOT_06,greenhouse,4,0,0,0.222,0,0,10,GOT_07,armadillo,9,0,0,0.257,0,1,28,GOT_08,robin,1,0,0,0.173,0,0,53,GOT_09,mug,3,0,0,0.227,0,0,0,GOT_10,centipede,8,1,15
0,0,0.251,0,1,54,GOT_01,chimpanzee,7,0,0,0.254,0,0,14,GOT_02,confectionary,6,0,0,0,0,0,8,GOT_03,eel,10,0,0,0.255,0,0,22,GOT_04,golden retriever,2,0,0,0.247,0,1,30,GOT_05,parking meter,9,0,0,0.253,0,0,5,GOT_06,greenhouse,1,0,0,0.257,0,1,62,GOT_07,armadillo,5,0,0,0.252,0,1,64,GOT_08,robin,8,0,0,0.254,0,0,42,GOT_09,mug,4,0,0,0.252,0,1,57,GOT_10,centipede,3,4,44
0,0,0.101,0,1,30,GOT_01,chimpanzee,6,0,0,0.262,0,1,9,GOT_02,confectionary,3,0,0,0.155,0,1,0,GOT_03,eel,8,0,0,0.254,0,0,5,GOT_04,golden retriever,1,0,0,0.2,0,0,11,GOT_05,parking meter,9,0,0,0.255,0,0,36,GOT_06,greenhouse,4,0,0,0.265,0,0,14,GOT_07,armadillo,2,0,0,0.252,0,0,3,GOT_08,robin,5,0,0,0.232,0,0,55,GOT_09,mug,10,0,0,0.206,0,0,0,GOT_10,centipede,7,1,5
0,0,0.101,0,1,0,GOT_01,chimpanzee,8,0,0,0.263,0,1,30,GOT_02,confectionary,3,0,0,0.262,0,1,50,GOT_03,eel,1,0,0,0.256,0,0,55,GOT_04,golden retriever,5,0,0,0,0,1,50,GOT_05,parking meter,10,0,0,0.034,0,1,45,GOT_06,greenhouse,6,0,0,0.264,0,1,50,GOT_07,armadillo,4,0,0,0.249,0,0,50,GOT_08,robin,2,0,0,0,0,0,50,GOT_09,mug,9,0,0,0.208,0,1,25,GOT_10,centipede,7,2,30
0,0,0,0,0,18,GOT_01,chimpanzee,4,0,0,0.126,0,1,68,GOT_02,confectionary,10,0,0,0.252,0,1,65,GOT_03,eel,2,0,0,0.171,0,0,71,GOT_04,golden retriever,9,0,0,0.25,0,1,78,GOT_05,parking meter,6,0,0,0.06,0,0,47,GOT_06,greenhouse,7,0,0,0,0,1,66,GOT_07,armadillo,5,0,0,0.252,0,0,51,GOT_08,robin,1,0,0,0.165,0,0,60,GOT_09,mug,8,0,0,0.141,0,1,45,GOT_10,centipede,3,3,20
0,0,0.137,0,1,5,GOT_01,chimpanzee,5,0,0,0,0,1,3,GOT_02,confectionary,7,0,0,0.254,0,1,70,GOT_03,eel,2,0,0,0.261,0,0,39,GOT_04,golden retriever,3,0,0,0,0,1,6,GOT_05,parking meter,10,0,0,0.251,0,1,12,GOT_06,greenhouse,4,0,0,0.099,0,1,82,GOT_07,armadillo,8,0,0,0.06,0,1,69,GOT_08,robin,9,0,0,0.243,0,1,20,GOT_09,mug,1,0,0,0.08,0,1,79,GOT_10,centipede,6,1,3
0,0,0.255,0,1,18,GOT_01,chimpanzee,3,0,0,0.245,0,0,18,GOT_02,confectionary,2,0,0,0.253,0,1,31,GOT_03,eel,1,0,0,0.251,0,0,16,GOT_04,golden retriever,7,0,0,0.264,0,1,61,GOT_05,parking meter,10,0,0,0.251,0,1,0,GOT_06,greenhouse,4,0,0,0.252,0,1,51,GOT_07,armadillo,8,0,0,0.26,0,1,16,GOT_08,robin,9,0,0,0.251,0,0,51,GOT_09,mug,5,0,0,0.255,0,1,18,GOT_10,centipede,6,0,10
0,0,0.263,0,1,3,GOT_01,chimpanzee,9,0,0,0.248,0,1,15,GOT_02,confectionary,6,0,0,0.261,0,1,14,GOT_03,eel,7,0,0,0.249,0,1,6,GOT_04,golden retriever,2,0,0,0.249,0,1,87,GOT_05,parking meter,8,0,0,0.25,0,0,7,GOT_06,greenhouse,3,0,0,0.264,0,1,28,GOT_07,armadillo,1,0,0,0.251,0,0,15,GOT_08,robin,5,0,0,0.25,0,0,58,GOT_09,mug,4,0,0,0.251,0,1,75,GOT_10,centipede,10,5,50
0,0,0.25,0,1,59,GOT_01,chimpanzee,10,0,0,0.252,0,1,30,GOT_02,confectionary,1,0,0,0.252,0,0,50,GOT_03,eel,3,0,0,0.25,0,0,71,GOT_04,golden retriever,2,0,0,0.252,0,1,43,GOT_05,parking meter,6,0,0,0.25,0,0,46,GOT_06,greenhouse,5,0,0,0.25,0,1,71,GOT_07,armadillo,8,0,0,0.249,0,1,67,GOT_08,robin,9,0,0,0.251,0,0,65,GOT_09,mug,4,0,0,0.251,0,0,31,GOT_10,centipede,7,2,25
0,0,0,0,0,67,GOT_01,chimpanzee,9,0,0,0.258,0,0,12,GOT_02,confectionary,1,0,0,0.251,0,1,20,GOT_03,eel,2,0,0,0,0,0,72,GOT_04,golden retriever,10,0,0,0.252,0,1,11,GOT_05,parking meter,4,0,0,0.073,0,1,39,GOT_06,greenhouse,6,0,0,0.153,0,0,70,GOT_07,armadillo,8,0,0,0.254,0,0,70,GOT_08,robin,3,0,0,0,0,0,10,GOT_09,mug,5,0,0,0.164,0,0,12,GOT_10,centipede,7,1,20
0,0,0.176,0,1,5,GOT_01,chimpanzee,9,0,0,0.247,0,0,7,GOT_02,confectionary,3,0,0,0.124,0,0,4,GOT_03,eel,8,0,0,0.25,0,1,23,GOT_04,golden retriever,2,0,0,0.252,0,1,53,GOT_05,parking meter,1,0,0,0.134,0,0,4,GOT_06,greenhouse,6,0,0,0.113,0,0,12,GOT_07,armadillo,10,0,0,0.254,0,0,5,GOT_08,robin,4,0,0,0.263,0,1,7,GOT_09,mug,5,0,0,0.146,0,0,7,GOT_10,centipede,7,2,17
0,0,0.262,0,0,12,GOT_01,chimpanzee,3,0,0,0.264,0,0,15,GOT_02,confectionary,9,0,0,0.261,0,0,31,GOT_03,eel,1,0,0,0.251,0,0,8,GOT_04,golden retriever,6,0,0,0.256,0,0,12,GOT_05,parking meter,5,0,0,0.251,0,0,11,GOT_06,greenhouse,7,0,0,0.257,0,1,24,GOT_07,armadillo,8,0,0,0.251,0,0,12,GOT_08,robin,10,0,0,0.253,0,1,27,GOT_09,mug,4,0,0,0.253,0,1,23,GOT_10,centipede,2,1,25
0,0,0.263,0,1,11,GOT_01,chimpanzee,5,0,0,0.255,0,0,9,GOT_02,confectionary,9,0,0,0.257,0,1,20,GOT_03,eel,1,0,0,0.26,0,0,10,GOT_04,golden retriever,6,0,0,0.252,0,0,22,GOT_05,parking meter,4,0,0,0.269,0,0,21,GOT_06,greenhouse,2,0,0,0.251,0,0,21,GOT_07,armadillo,8,0,0,0.248,0,0,31,GOT_08,robin,3,0,0,0.261,0,0,21,GOT_09,mug,7,0,0,0.262,0,1,24,GOT_10,centipede,10,2,10
0,0,0.26,0,1,28,GOT_01,chimpanzee,4,0,0,0.256,0,1,18,GOT_02,confectionary,2,0,0,0.25,0,1,52,GOT_03,eel,8,0,0,0.126,0,0,30,GOT_04,golden retriever,10,0,0,0.263,0,1,45,GOT_05,parking meter,6,0,0,0.252,0,0,47,GOT_06,greenhouse,3,0,0,0.255,0,1,62,GOT_07,armadillo,5,0,0,0.251,0,1,63,GOT_08,robin,7,0,0,0,0,0,14,GOT_09,mug,9,0,0,0.263,0,1,20,GOT_10,centipede,1,1,50
0,0,0.114,0,0,53,GOT_01,chimpanzee,7,0,0,0.254,0,1,20,GOT_02,confectionary,1,0,0,0.039,0,1,73,GOT_03,eel,6,0,0,0.091,0,1,55,GOT_04,golden retriever,8,0,0,0.126,0,1,51,GOT_05,parking meter,3,0,0,0.164,0,1,30,GOT_06,greenhouse,9,0,0,0,0,1,69,GOT_07,armadillo,2,0,0,0.113,0,1,79,GOT_08,robin,4,0,0,0,0,1,35,GOT_09,mug,5,0,0,0.095,0,1,69,GOT_10,centipede,10,2,65
0,0,0.252,0,1,5,GOT_01,chimpanzee,4,0,0,0.26,0,0,7,GOT_02,confectionary,5,0,0,0.254,0,0,13,GOT_03,eel,1,0,0,0.16,0,1,7,GOT_04,golden retriever,10,0,0,0.173,0,1,88,GOT_05,parking meter,6,0,0,0.255,0,0,8,GOT_06,greenhouse,7,0,0,0.206,0,1,71,GOT_07,armadillo,8,0,0,0.252,0,0,15,GOT_08,robin,3,0,0,0.253,0,0,23,GOT_09,mug,2,0,0,0.163,0,1,63,GOT_10,centipede,9,1,5
0,0,0.186,0,1,12,GOT_01,chimpanzee,9,0,0,0.259,0,1,2,GOT_02,confectionary,3,0,0,0.173,0,1,16,GOT_03,eel,6,0,0,0.264,0,0,10,GOT_04,golden retriever,2,0,0,0.226,0,1,17,GOT_05,parking meter,5,0,0,0.2,0,1,8,GOT_06,greenhouse,7,0,0,0.165,0,1,46,GOT_07,armadillo,10,0,0,0.174,0,1,36,GOT_08,robin,8,0,0,0.269,0,0,5,GOT_09,mug,1,0,0,0.179,0,1,97,GOT_10,centipede,4,1,25
0,0,0.172,0,0,25,GOT_01,chimpanzee,9,0,0,0.191,0,0,4,GOT_02,confectionary,10,0,0,0.228,0,0,37,GOT_03,eel,8,0,0,0.258,0,0,28,GOT_04,golden retriever,2,0,0,0.25,0,1,12,GOT_05,parking meter,3,0,0,0.245,0,0,4,GOT_06,greenhouse,5,0,0,0.167,0,1,36,GOT_07,armadillo,7,0,0,0.25,0,1,21,GOT_08,robin,4,0,0,0.253,0,0,23,GOT_09,mug,1,0,0,0.137,0,1,11,GOT_10,centipede,6,2,20
0,0,0.254,0,0,11,GOT_01,chimpanzee,2,0,0,0.255,0,1,6,GOT_02,confectionary,5,0,0,0.251,0,1,33,GOT_03,eel,1,0,0,0.25,0,0,12,GOT_04,golden retriever,3,0,0,0.254,0,1,19,GOT_05,parking meter,8,0,0,0.25,0,1,1,GOT_06,greenhouse,4,0,0,0.248,0,1,57,GOT_07,armadillo,10,0,0,0.094,0,1,19,GOT_08,robin,9,0,0,0.244,0,0,38,GOT_09,mug,7,0,0,0.247,0,1,39,GOT_10,centipede,6,1,20
0,0,0.081,0,1,20,GOT_01,chimpanzee,3,0,0,0.105,0,0,20,GOT_02,confectionary,5,0,0,0.258,0,0,20,GOT_03,eel,1,0,0,0,0,0,0,GOT_04,golden retriever,9,0,0,0.055,0,1,30,GOT_05,parking meter,8,0,0,0,0,1,30,GOT_06,greenhouse,6,0,0,0.206,0,0,30,GOT_07,armadillo,10,0,0,0.139,0,1,30,GOT_08,robin,7,0,0,0,0,0,30,GOT_09,mug,2,0,0,0.144,0,1,30,GOT_10,centipede,4,0,50
0,0,0.094,0,1,3,GOT_01,chimpanzee,6,0,0,0.249,0,0,4,GOT_02,confectionary,1,0,0,0,0,1,10,GOT_03,eel,8,0,0,0.046,0,1,9,GOT_04,golden retriever,7,0,0,0.071,0,1,9,GOT_05,parking meter,10,0,0,0.117,0,1,3,GOT_06,greenhouse,5,0,0,0.057,0,1,8,GOT_07,armadillo,4,0,0,0.248,0,0,4,GOT_08,robin,3,0,0,0.254,0,1,4,GOT_09,mug,2,0,0,0.097,0,0,5,GOT_10,centipede,9,1,25
0,0,0.166,0,1,6,GOT_01,chimpanzee,7,0,0,0.144,0,1,2,GOT_02,confectionary,4,0,0,0.183,0,1,14,GOT_03,eel,3,0,0,0.134,0,0,2,GOT_04,golden retriever,6,0,0,0.083,0,0,3,GOT_05,parking meter,8,0,0,0.263,0,0,8,GOT_06,greenhouse,1,0,0,0.248,0,0,7,GOT_07,armadillo,2,0,0,0.262,0,0,6,GOT_08,robin,5,0,0,0.18,0,0,6,GOT_09,mug,9,0,0,0.175,0,0,2,GOT_10,centipede,10,2,75
0,0,0.248,0,0,15,GOT_01,chimpanzee,5,0,0,0.253,0,1,51,GOT_02,confectionary,1,0,0,0.241,0,1,15,GOT_03,eel,2,0,0,0,0,0,16,GOT_04,golden retriever,8,0,0,0.184,0,1,21,GOT_05,parking meter,9,0,0,0.078,0,0,17,GOT_06,greenhouse,4,0,0,0.254,0,1,16,GOT_07,armadillo,3,0,0,0.065,0,1,18,GOT_08,robin,7,0,0,0,0,1,20,GOT_09,mug,10,0,0,0.075,0,0,11,GOT_10,centipede,6,2,10
0,0,0.261,0,1,62,GOT_01,chimpanzee,1,0,0,0.192,0,0,65,GOT_02,confectionary,10,0,0,0.259,0,1,55,GOT_03,eel,2,0,0,0.092,0,1,56,GOT_04,golden retriever,9,0,0,0.256,0,1,59,GOT_05,parking meter,3,0,0,0.194,0,0,55,GOT_06,greenhouse,5,0,0,0.205,0,1,69,GOT_07,armadillo,8,0,0,0.078,0,0,63,GOT_08,robin,6,0,0,0.179,0,1,63,GOT_09,mug,4,0,0,0.203,0,1,68,GOT_10,centipede,7,4,4
0,0,0.163,0,1,75,GOT_01,chimpanzee,5,0,0,0.255,0,0,20,GOT_02,confectionary,4,0,0,0.16,0,1,80,GOT_03,eel,7,0,0,0.183,0,0,55,GOT_04,golden retriever,8,0,0,0.245,0,1,15,GOT_05,parking meter,1,0,0,0.203,0,1,25,GOT_06,greenhouse,6,0,0,0.261,0,1,70,GOT_07,armadillo,2,0,0,0.221,0,0,40,GOT_08,robin,3,0,0,0.209,0,1,35,GOT_09,mug,9,0,0,0.1,0,1,70,GOT_10,centipede,10,4,55
0,0,0.249,0,1,5,GOT_01,chimpanzee,8,0,0,0.254,0,1,9,GOT_02,confectionary,3,0,0,0.093,0,1,21,GOT_03,eel,7,0,0,0.254,0,0,20,GOT_04,golden retriever,4,0,0,0.249,0,0,16,GOT_05,parking meter,6,0,0,0.256,0,1,0,GOT_06,greenhouse,1,0,0,0.25,0,1,25,GOT_07,armadillo,9,0,0,0.17,0,1,42,GOT_08,robin,10,0,0,0.258,0,1,5,GOT_09,mug,5,0,0,0.25,0,1,30,GOT_10,centipede,2,2,15
0,0,0.064,0,1,34,GOT_01,chimpanzee,9,0,0,0.242,0,1,32,GOT_02,confectionary,7,0,0,0.25,0,1,67,GOT_03,eel,2,0,0,0.246,0,0,26,GOT_04,golden retriever,5,0,0,0.109,0,1,81,GOT_05,parking meter,8,0,0,0.248,0,0,0,GOT_06,greenhouse,1,0,0,0.169,0,1,69,GOT_07,armadillo,6,0,0,0.246,0,1,96,GOT_08,robin,4,0,0,0.145,0,1,22,GOT_09,mug,10,0,0,0.248,0,1,81,GOT_10,centipede,3,3,25
0,0,0.259,0,1,24,GOT_01,chimpanzee,10,0,0,0.25,0,1,31,GOT_02,confectionary,5,0,0,0.087,0,1,58,GOT_03,eel,4,0,0,0.25,0,1,12,GOT_04,golden retriever,2,0,0,0.142,0,1,37,GOT_05,parking meter,3,0,0,0,0,0,33,GOT_06,greenhouse,8,0,0,0.257,0,1,52,GOT_07,armadillo,7,0,0,0.252,0,1,75,GOT_08,robin,9,0,0,0.254,0,0,81,GOT_09,mug,6,0,0,0.247,0,0,37,GOT_10,centipede,1,2,25
0,0,0.07,0,1,5,GOT_01,chimpanzee,6,0,0,0,0,1,10,GOT_02,confectionary,9,0,0,0.248,0,1,10,GOT_03,eel,2,0,0,0.25,0,0,20,GOT_04,golden retriever,4,0,0,0.249,0,1,10,GOT_05,parking meter,5,0,0,0.129,0,0,10,GOT_06,greenhouse,7,0,0,0.227,0,1,30,GOT_07,armadillo,10,0,0,0.25,0,0,20,GOT_08,robin,1,0,0,0.114,0,0,10,GOT_09,mug,8,0,0,0.25,0,1,10,GOT_10,centipede,3,0,30
0,0,0.249,0,1,1,GOT_01,chimpanzee,5,0,0,0.265,0,0,0,GOT_02,confectionary,6,0,0,0,0,1,2,GOT_03,eel,9,0,0,0.256,0,0,1,GOT_04,golden retriever,7,0,0,0.262,0,1,12,GOT_05,parking meter,1,0,0,0,0,1,5,GOT_06,greenhouse,10,0,0,0.048,0,1,2,GOT_07,armadillo,8,0,0,0.236,0,0,2,GOT_08,robin,3,0,0,0.255,0,0,2,GOT_09,mug,2,0,0,0.258,0,1,24,GOT_10,centipede,4,3,60
0,0,0.216,0,1,35,GOT_01,chimpanzee,6,0,0,0.262,0,1,0,GOT_02,confectionary,1,0,0,0.149,0,0,11,GOT_03,eel,4,0,0,0.217,0,0,11,GOT_04,golden retriever,10,0,0,0.252,0,1,50,GOT_05,parking meter,2,0,0,0.255,0,0,12,GOT_06,greenhouse,3,0,0,0.085,0,0,0,GOT_07,armadillo,7,0,0,0.171,0,0,30,GOT_08,robin,5,0,0,0.003,0,1,0,GOT_09,mug,9,0,0,0.209,0,1,0,GOT_10,centipede,8,3,15
0,0,0.258,0,1,13,GOT_01,chimpanzee,1,0,0,0.082,0,0,12,GOT_02,confectionary,3,0,0,0.015,0,1,36,GOT_03,eel,7,0,0,0.017,0,0,29,GOT_04,golden retriever,10,0,0,0.01,0,1,47,GOT_05,parking meter,5,0,0,0,0,0,22,GOT_06,greenhouse,4,0,0,0.046,0,1,59,GOT_07,armadillo,8,0,0,0.126,0,0,29,GOT_08,robin,6,0,0,0,0,0,27,GOT_09,mug,9,0,0,0.251,0,0,28,GOT_10,centipede,2,2,30
0,0,0.214,0,0,21,GOT_01,chimpanzee,8,0,0,0.195,0,1,18,GOT_02,confectionary,7,0,0,0.246,0,0,51,GOT_03,eel,1,0,0,0.247,0,0,99,GOT_04,golden retriever,4,0,0,0.102,0,1,97,GOT_05,parking meter,9,0,0,0.244,0,1,51,GOT_06,greenhouse,5,0,0,0.155,0,1,72,GOT_07,armadillo,10,0,0,0.256,0,0,60,GOT_08,robin,2,0,0,0.249,0,1,71,GOT_09,mug,3,0,0,0.212,0,1,99,GOT_10,centipede,6,4,33
0,0,0.162,0,1,17,GOT_01,chimpanzee,7,0,0,0.118,0,0,12,GOT_02,confectionary,8,0,0,0,0,1,10,GOT_03,eel,6,0,0,0.016,0,1,11,GOT_04,golden retriever,5,0,0,0.167,0,0,15,GOT_05,parking meter,9,0,0,0.241,0,1,11,GOT_06,greenhouse,3,0,0,0.256,0,1,38,GOT_07,armadillo,2,0,0,0.254,0,1,24,GOT_08,robin,1,0,0,0.248,0,0,21,GOT_09,mug,4,0,0,0,0,0,12,GOT_10,centipede,10,1,20
0,0,0.23,0,1,22,GOT_01,chimpanzee,5,0,0,0.241,0,1,32,GOT_02,confectionary,1,0,0,0.235,0,0,7,GOT_03,eel,2,0,0,0.237,0,0,8,GOT_04,golden retriever,8,0,0,0.163,0,1,49,GOT_05,parking meter,9,0,0,0.235,0,0,11,GOT_06,greenhouse,6,0,0,0.234,0,1,16,GOT_07,armadillo,7,0,0,0.023,0,0,10,GOT_08,robin,10,0,0,0.226,0,0,27,GOT_09,mug,4,0,0,0.242,0,1,45,GOT_10,centipede,3,0,50
0,0,0,0,0,37,GOT_01,chimpanzee,4,0,0,0.267,0,0,34,GOT_02,confectionary,2,0.056,0.056,0.231,1,1,56,GOT_03,eel,3,0,0,0.108,0,1,33,GOT_04,golden retriever,10,0,0,0.07,0,0,58,GOT_05,parking meter,7,0,0,0.268,0,1,31,GOT_06,greenhouse,1,0,0,0.108,0,0,80,GOT_07,armadillo,5,0,0,0.127,0,1,15,GOT_08,robin,8,0,0,0.18,0,0,63,GOT_09,mug,6,0,0,0.019,0,0,36,GOT_10,centipede,9,4,40
0,0,0.251,0,1,34,GOT_01,chimpanzee,7,0,0,0.258,0,1,3,GOT_02,confectionary,1,0,0,0.248,0,1,27,GOT_03,eel,10,0,0,0.249,0,0,78,GOT_04,golden retriever,5,0,0,0.252,0,1,33,GOT_05,parking meter,4,0,0,0.26,0,1,19,GOT_06,greenhouse,8,0,0,0.246,0,1,80,GOT_07,armadillo,2,0,0,0.252,0,1,24,GOT_08,robin,9,0,0,0.252,0,0,16,GOT_09,mug,6,0,0,0.254,0,1,39,GOT_10,centipede,3,2,30
0,0,0.253,0,1,34,GOT_01,chimpanzee,5,0,0,0.257,0,0,50,GOT_02,confectionary,4,0,0,0.262,0,1,42,GOT_03,eel,2,0,0,0.258,0,0,52,GOT_04,golden retriever,3,0,0,0.262,0,1,44,GOT_05,parking meter,7,0,0,0.264,0,1,42,GOT_06,greenhouse,6,0,0,0.265,0,1,46,GOT_07,armadillo,10,0,0,0.258,0,0,50,GOT_08,robin,8,0,0,0.265,0,0,39,GOT_09,mug,9,0,0,0.268,0,1,43,GOT_10,centipede,1,2,0
0,0,0.261,0,1,0,GOT_01,chimpanzee,3,0,0,0,0,1,0,GOT_02,confectionary,2,0,0,0.246,0,0,0,GOT_03,eel,6,0,0,0.254,0,0,1,GOT_04,golden retriever,8,0,0,0.246,0,1,11,GOT_05,parking meter,4,0,0,0.247,0,0,0,GOT_06,greenhouse,9,0,0,0.249,0,1,0,GOT_07,armadillo,1,0,0,0.161,0,1,0,GOT_08,robin,7,0,0,0.029,0,1,6,GOT_09,mug,10,0,0,0.11,0,1,12,GOT_10,centipede,5,5,50
0,0,0.26,0,0,25,GOT_01,chimpanzee,1,0,0,0,0,0,0,GOT_02,confectionary,10,0,0,0.252,0,1,10,GOT_03,eel,2,0,0,0.237,0,0,45,GOT_04,golden retriever,7,0,0,0.263,0,1,30,GOT_05,parking meter,4,0,0,0.252,0,0,15,GOT_06,greenhouse,3,0,0,0.251,0,1,20,GOT_07,armadillo,6,0,0,0,0,1,40,GOT_08,robin,5,0,0,0.212,0,1,10,GOT_09,mug,9,0,0,0.116,0,1,20,GOT_10,centipede,8,1,15
0,0,0.15,0,1,70,GOT_01,chimpanzee,10,0,0,0.1,0,1,10,GOT_02,confectionary,6,0,0,0.092,0,1,25,GOT_03,eel,8,0,0,0.123,0,0,60,GOT_04,golden retriever,9,0,0,0,0,1,20,GOT_05,parking meter,5,0,0,0.119,0,1,30,GOT_06,greenhouse,7,0,0,0.261,0,1,50,GOT_07,armadillo,4,0,0,0.253,0,1,70,GOT_08,robin,1,0,0,0.066,0,0,80,GOT_09,mug,3,0,0,0.253,0,1,65,GOT_10,centipede,2,2,33
0,0,0.131,0,1,5,GOT_01,chimpanzee,9,0,0,0.253,0,1,25,GOT_02,confectionary,2,0,0,0.264,0,1,28,GOT_03,eel,4,0,0,0.073,0,1,12,GOT_04,golden retriever,5,0,0,0.257,0,1,26,GOT_05,parking meter,7,0,0,0.254,0,0,18,GOT_06,greenhouse,6,0,0,0.253,0,1,27,GOT_07,armadillo,1,0,0,0.136,0,1,9,GOT_08,robin,8,0,0,0.163,0,0,6,GOT_09,mug,10,0,0,0.255,0,1,44,GOT_10,centipede,3,2,30
0,0,0.023,0,1,0,GOT_01,chimpanzee,5,0,0,0,0,1,40,GOT_02,confectionary,3,0,0,0.113,0,1,20,GOT_03,eel,1,0,0,0.232,0,1,10,GOT_04,golden retriever,2,0,0,0,0,1,10,GOT_05,parking meter,9,0,0,0.015,0,0,20,GOT_06,greenhouse,8,0,0,0,0,1,0,GOT_07,armadillo,6,0,0,0.018,0,1,10,GOT_08,robin,4,0,0,0,0,0,10,GOT_09,mug,10,0,0,0,0,1,10,GOT_10,centipede,7,2,50
0,0,0.237,0,1,63,GOT_01,chimpanzee,4,0,0,0.142,0,0,71,GOT_02,confectionary,10,0,0,0.246,0,1,40,GOT_03,eel,2,0,0,0.257,0,0,60,GOT_04,golden retriever,1,0,0,0.058,0,0,62,GOT_05,parking meter,7,0,0,0.053,0,1,73,GOT_06,greenhouse,9,0,0,0.251,0,0,67,GOT_07,armadillo,6,0,0,0.243,0,0,77,GOT_08,robin,8,0,0,0.249,0,0,73,GOT_09,mug,3,0,0,0.244,0,1,71,GOT_10,centipede,5,3,60
0,0,0.255,0,1,71,GOT_01,chimpanzee,7,0,0,0.251,0,1,60,GOT_02,confectionary,3,0,0,0.247,0,0,45,GOT_03,eel,2,0,0,0.248,0,0,80,GOT_04,golden retriever,6,0,0,0.256,0,1,26,GOT_05,parking meter,1,0,0,0.245,0,1,33,GOT_06,greenhouse,8,0,0,0.258,0,1,92,GOT_07,armadillo,5,0,0,0.255,0,1,50,GOT_08,robin,9,0,0,0.258,0,0,86,GOT_09,mug,4,0,0,0.257,0,1,67,GOT_10,centipede,10,3,70
